[{"model": "auth.permission", "pk": 1, "fields": {"name": "Can add log entry", "content_type": 1, "codename": "add_logentry"}}, {"model": "auth.permission", "pk": 2, "fields": {"name": "Can change log entry", "content_type": 1, "codename": "change_logentry"}}, {"model": "auth.permission", "pk": 3, "fields": {"name": "Can delete log entry", "content_type": 1, "codename": "delete_logentry"}}, {"model": "auth.permission", "pk": 4, "fields": {"name": "Can view log entry", "content_type": 1, "codename": "view_logentry"}}, {"model": "auth.permission", "pk": 5, "fields": {"name": "Can add permission", "content_type": 2, "codename": "add_permission"}}, {"model": "auth.permission", "pk": 6, "fields": {"name": "Can change permission", "content_type": 2, "codename": "change_permission"}}, {"model": "auth.permission", "pk": 7, "fields": {"name": "Can delete permission", "content_type": 2, "codename": "delete_permission"}}, {"model": "auth.permission", "pk": 8, "fields": {"name": "Can view permission", "content_type": 2, "codename": "view_permission"}}, {"model": "auth.permission", "pk": 9, "fields": {"name": "Can add group", "content_type": 3, "codename": "add_group"}}, {"model": "auth.permission", "pk": 10, "fields": {"name": "Can change group", "content_type": 3, "codename": "change_group"}}, {"model": "auth.permission", "pk": 11, "fields": {"name": "Can delete group", "content_type": 3, "codename": "delete_group"}}, {"model": "auth.permission", "pk": 12, "fields": {"name": "Can view group", "content_type": 3, "codename": "view_group"}}, {"model": "auth.permission", "pk": 13, "fields": {"name": "Can add user", "content_type": 4, "codename": "add_user"}}, {"model": "auth.permission", "pk": 14, "fields": {"name": "Can change user", "content_type": 4, "codename": "change_user"}}, {"model": "auth.permission", "pk": 15, "fields": {"name": "Can delete user", "content_type": 4, "codename": "delete_user"}}, {"model": "auth.permission", "pk": 16, "fields": {"name": "Can view user", "content_type": 4, "codename": "view_user"}}, {"model": "auth.permission", "pk": 17, "fields": {"name": "Can add content type", "content_type": 5, "codename": "add_contenttype"}}, {"model": "auth.permission", "pk": 18, "fields": {"name": "Can change content type", "content_type": 5, "codename": "change_contenttype"}}, {"model": "auth.permission", "pk": 19, "fields": {"name": "Can delete content type", "content_type": 5, "codename": "delete_contenttype"}}, {"model": "auth.permission", "pk": 20, "fields": {"name": "Can view content type", "content_type": 5, "codename": "view_contenttype"}}, {"model": "auth.permission", "pk": 21, "fields": {"name": "Can add session", "content_type": 6, "codename": "add_session"}}, {"model": "auth.permission", "pk": 22, "fields": {"name": "Can change session", "content_type": 6, "codename": "change_session"}}, {"model": "auth.permission", "pk": 23, "fields": {"name": "Can delete session", "content_type": 6, "codename": "delete_session"}}, {"model": "auth.permission", "pk": 24, "fields": {"name": "Can view session", "content_type": 6, "codename": "view_session"}}, {"model": "auth.permission", "pk": 25, "fields": {"name": "Can add custom user", "content_type": 7, "codename": "add_customuser"}}, {"model": "auth.permission", "pk": 26, "fields": {"name": "Can change custom user", "content_type": 7, "codename": "change_customuser"}}, {"model": "auth.permission", "pk": 27, "fields": {"name": "Can delete custom user", "content_type": 7, "codename": "delete_customuser"}}, {"model": "auth.permission", "pk": 28, "fields": {"name": "Can view custom user", "content_type": 7, "codename": "view_customuser"}}, {"model": "auth.permission", "pk": 29, "fields": {"name": "Can add profile", "content_type": 8, "codename": "add_profile"}}, {"model": "auth.permission", "pk": 30, "fields": {"name": "Can change profile", "content_type": 8, "codename": "change_profile"}}, {"model": "auth.permission", "pk": 31, "fields": {"name": "Can delete profile", "content_type": 8, "codename": "delete_profile"}}, {"model": "auth.permission", "pk": 32, "fields": {"name": "Can view profile", "content_type": 8, "codename": "view_profile"}}, {"model": "auth.permission", "pk": 33, "fields": {"name": "Can add time capsule", "content_type": 9, "codename": "add_timecapsule"}}, {"model": "auth.permission", "pk": 34, "fields": {"name": "Can change time capsule", "content_type": 9, "codename": "change_timecapsule"}}, {"model": "auth.permission", "pk": 35, "fields": {"name": "Can delete time capsule", "content_type": 9, "codename": "delete_timecapsule"}}, {"model": "auth.permission", "pk": 36, "fields": {"name": "Can view time capsule", "content_type": 9, "codename": "view_timecapsule"}}, {"model": "auth.permission", "pk": 37, "fields": {"name": "Can add follows", "content_type": 10, "codename": "add_follows"}}, {"model": "auth.permission", "pk": 38, "fields": {"name": "Can change follows", "content_type": 10, "codename": "change_follows"}}, {"model": "auth.permission", "pk": 39, "fields": {"name": "Can delete follows", "content_type": 10, "codename": "delete_follows"}}, {"model": "auth.permission", "pk": 40, "fields": {"name": "Can view follows", "content_type": 10, "codename": "view_follows"}}, {"model": "auth.permission", "pk": 41, "fields": {"name": "Can add comment", "content_type": 11, "codename": "add_comment"}}, {"model": "auth.permission", "pk": 42, "fields": {"name": "Can change comment", "content_type": 11, "codename": "change_comment"}}, {"model": "auth.permission", "pk": 43, "fields": {"name": "Can delete comment", "content_type": 11, "codename": "delete_comment"}}, {"model": "auth.permission", "pk": 44, "fields": {"name": "Can view comment", "content_type": 11, "codename": "view_comment"}}, {"model": "auth.permission", "pk": 45, "fields": {"name": "Can add like", "content_type": 12, "codename": "add_like"}}, {"model": "auth.permission", "pk": 46, "fields": {"name": "Can change like", "content_type": 12, "codename": "change_like"}}, {"model": "auth.permission", "pk": 47, "fields": {"name": "Can delete like", "content_type": 12, "codename": "delete_like"}}, {"model": "auth.permission", "pk": 48, "fields": {"name": "Can view like", "content_type": 12, "codename": "view_like"}}, {"model": "auth.permission", "pk": 49, "fields": {"name": "Can add zap triggers", "content_type": 13, "codename": "add_zaptriggers"}}, {"model": "auth.permission", "pk": 50, "fields": {"name": "Can change zap triggers", "content_type": 13, "codename": "change_zaptriggers"}}, {"model": "auth.permission", "pk": 51, "fields": {"name": "Can delete zap triggers", "content_type": 13, "codename": "delete_zaptriggers"}}, {"model": "auth.permission", "pk": 52, "fields": {"name": "Can view zap triggers", "content_type": 13, "codename": "view_zaptriggers"}}, {"model": "contenttypes.contenttype", "pk": 1, "fields": {"app_label": "admin", "model": "logentry"}}, {"model": "contenttypes.contenttype", "pk": 2, "fields": {"app_label": "auth", "model": "permission"}}, {"model": "contenttypes.contenttype", "pk": 3, "fields": {"app_label": "auth", "model": "group"}}, {"model": "contenttypes.contenttype", "pk": 4, "fields": {"app_label": "auth", "model": "user"}}, {"model": "contenttypes.contenttype", "pk": 5, "fields": {"app_label": "contenttypes", "model": "contenttype"}}, {"model": "contenttypes.contenttype", "pk": 6, "fields": {"app_label": "sessions", "model": "session"}}, {"model": "contenttypes.contenttype", "pk": 7, "fields": {"app_label": "zapapp", "model": "customuser"}}, {"model": "contenttypes.contenttype", "pk": 8, "fields": {"app_label": "zapapp", "model": "profile"}}, {"model": "contenttypes.contenttype", "pk": 9, "fields": {"app_label": "zapapp", "model": "timecapsule"}}, {"model": "contenttypes.contenttype", "pk": 10, "fields": {"app_label": "zapapp", "model": "follows"}}, {"model": "contenttypes.contenttype", "pk": 11, "fields": {"app_label": "zapapp", "model": "comment"}}, {"model": "contenttypes.contenttype", "pk": 12, "fields": {"app_label": "zapapp", "model": "like"}}, {"model": "contenttypes.contenttype", "pk": 13, "fields": {"app_label": "zapapp", "model": "zaptriggers"}}, {"model": "sessions.session", "pk": "0b657f8s26lj3amt3vxdj49k96vmcx6u", "fields": {"session_data": ".eJxVjEEOwiAQRe_C2hAYKBaX7nsGMsOAVA0kpV0Z765NutDtf-_9lwi4rSVsPS1hZnERVpx-N8L4SHUHfMd6azK2ui4zyV2RB-1yapye18P9OyjYy7eGAe0IRjml_HlMliMwZPA2M9poHCXwitiTjy47pdEBReX0wCYZrVG8P85iN40:1qfIhe:bShzKhqzFB0q_3ob1iq9FQzOty_Wk2jFtVp0RpbQurA", "expire_date": "2023-09-24T11:34:10.780Z"}}, {"model": "zapapp.customuser", "pk": 1, "fields": {"password": "pbkdf2_sha256$600000$wTCOkCbj2nHHHBXkonNXFT$TlpuZyR5hYCmVB7ATeV2kIEld8ZtUFP4oFskJM5JmgI=", "last_login": null, "is_superuser": false, "email": "rus@gmail.com", "username": "CEO", "first_name": "rushil", "last_name": "patel", "date_joined": "2023-08-27T11:12:08.505Z", "is_active": true, "is_staff": false, "groups": [], "user_permissions": []}}, {"model": "zapapp.customuser", "pk": 4, "fields": {"password": "pbkdf2_sha256$600000$K39hpJzavA69wJUHWkJzbf$6Ua8+IgKjl8MBdLE3j3N168gw+bXIsEBiEj+H8NdqVc=", "last_login": "2023-09-10T11:34:10.492Z", "is_superuser": true, "email": "s1610.2003@gmail.com", "username": "sahilkumarsingh", "first_name": "sahil kumar", "last_name": "singh", "date_joined": "2023-08-27T16:08:34.525Z", "is_active": true, "is_staff": true, "groups": [], "user_permissions": []}}, {"model": "zapapp.customuser", "pk": 18, "fields": {"password": "pbkdf2_sha256$600000$DaaNEJtm8IuWA83emw7SkJ$uAK9lyqIbty41kTUSQ2jSg6br7lFidEdnDmGJFuKV1U=", "last_login": null, "is_superuser": false, "email": "majithiadevansh@gmail.com", "username": "devansh", "first_name": "Devansh", "last_name": "Majithia", "date_joined": "2023-09-10T12:02:58.866Z", "is_active": true, "is_staff": false, "groups": [], "user_permissions": []}}, {"model": "zapapp.customuser", "pk": 19, "fields": {"password": "pbkdf2_sha256$600000$z4bV8JH8bPFVGBJwJALFQU$QmJt3m6h6v5wNT3Gv+D4uaJWOvggvwGcS6oSFQiLL2s=", "last_login": null, "is_superuser": false, "email": "arth@gmail.com", "username": "arth", "first_name": "Arth", "last_name": "Patel", "date_joined": "2023-09-12T08:39:46.126Z", "is_active": true, "is_staff": false, "groups": [], "user_permissions": []}}, {"model": "zapapp.customuser", "pk": 20, "fields": {"password": "pbkdf2_sha256$600000$WQBel41pJGMadOrKMuajzV$nW4n6jeTabTk5XyFKVnDMvWL+zqbchT8+TteeF69dzw=", "last_login": null, "is_superuser": false, "email": "dgfdg@gamil.com", "username": "rushil", "first_name": "rushil", "last_name": "patel", "date_joined": "2023-09-16T17:01:41.068Z", "is_active": true, "is_staff": false, "groups": [], "user_permissions": []}}, {"model": "zapapp.customuser", "pk": 21, "fields": {"password": "pbkdf2_sha256$600000$T8vmEb5o1KDarvxkTFLQvw$K+1pSXlANqm7IJml3NQESlOzkepKpszz6qMJmofbycY=", "last_login": null, "is_superuser": false, "email": "jashmistry4444@gmail.com", "username": "jashmistry", "first_name": "Jash", "last_name": "mistry", "date_joined": "2023-09-27T15:30:07.958Z", "is_active": true, "is_staff": false, "groups": [], "user_permissions": []}}, {"model": "zapapp.profile", "pk": 1, "fields": {"user": 4, "bio": "Obsession beats talent every time!", "profile_picture": "images/profile_pictures/_cat_as_a_five_dimen2.png"}}, {"model": "zapapp.profile", "pk": 2, "fields": {"user": 1, "bio": "this is ceo of company", "profile_picture": "images/profile_pictures/Screenshot_2023-09-09_000532.png"}}, {"model": "zapapp.profile", "pk": 5, "fields": {"user": 18, "bio": "i'm gonna be king of pirates!", "profile_picture": ""}}, {"model": "zapapp.profile", "pk": 6, "fields": {"user": 19, "bio": "", "profile_picture": ""}}, {"model": "zapapp.profile", "pk": 7, "fields": {"user": 20, "bio": "hello this is rushil", "profile_picture": ""}}, {"model": "zapapp.profile", "pk": 8, "fields": {"user": 21, "bio": "foodie surti lala", "profile_picture": ""}}, {"model": "zapapp.timecapsule", "pk": 38, "fields": {"user": 4, "title": "cats", "content": "first successful capsule", "hashtags": "[\"cats\", \"zapmate\", \"zapapp\"]", "publish_date": "2023-09-13T19:31:41.562Z", "available_date": "2023-09-28T00:28:00Z", "image": "images/timecapsules/89729858_4QixrFF.png", "is_private": false}}, {"model": "zapapp.timecapsule", "pk": 39, "fields": {"user": 4, "title": "cats", "content": "first successful capsule", "hashtags": "[\"cats\", \"zapmate\", \"zapapp\"]", "publish_date": "2023-09-13T19:32:15.017Z", "available_date": "2023-09-28T00:28:00Z", "image": "images/timecapsules/89729858_op9AOOY.png", "is_private": true}}, {"model": "zapapp.timecapsule", "pk": 40, "fields": {"user": 4, "title": "cat", "content": "car", "hashtags": "[\"new\", \"first\", \"cat\"]", "publish_date": "2023-09-15T17:02:53.938Z", "available_date": "2023-09-20T09:30:00Z", "image": "images/timecapsules/89729858_F1QeGOx.png", "is_private": true}}, {"model": "zapapp.timecapsule", "pk": 41, "fields": {"user": 4, "title": "new title", "content": "new post", "hashtags": "[\"new\", \"hash\", \"mash\"]", "publish_date": "2023-09-15T17:37:53.841Z", "available_date": "2023-09-15T17:40:00Z", "image": "images/timecapsules/lofi-digital-anthro-hd-wallpaper-89a078dd31ca7dbb360718bf6031660d.jpg", "is_private": false}}, {"model": "zapapp.timecapsule", "pk": 42, "fields": {"user": 4, "title": "new title", "content": "new post", "hashtags": "[\"new\", \"hash\", \"mash\"]", "publish_date": "2023-09-15T17:38:03.804Z", "available_date": "2023-09-15T17:40:00Z", "image": "images/timecapsules/lofi-digital-anthro-hd-wallpaper-89a078dd31ca7dbb360718bf6031660d_eyB58JJ.jpg", "is_private": true}}, {"model": "zapapp.timecapsule", "pk": 43, "fields": {"user": 4, "title": "sks", "content": "sks", "hashtags": "[\"hashtag\"]", "publish_date": "2023-09-16T11:48:36.851Z", "available_date": "2023-09-12T09:20:00Z", "image": "images/timecapsules/image.png", "is_private": false}}, {"model": "zapapp.timecapsule", "pk": 44, "fields": {"user": 4, "title": "new", "content": "newpost", "hashtags": "[\"hashtag\"]", "publish_date": "2023-09-16T11:50:05.129Z", "available_date": "2023-09-27T09:22:00Z", "image": "images/timecapsules/89729858_fkgUvsv.png", "is_private": true}}, {"model": "zapapp.timecapsule", "pk": 45, "fields": {"user": 4, "title": "sks", "content": "sks", "hashtags": "[\"sks\"]", "publish_date": "2023-09-16T11:51:09.565Z", "available_date": "2023-09-15T09:20:00Z", "image": "images/timecapsules/sks.png", "is_private": false}}, {"model": "zapapp.timecapsule", "pk": 46, "fields": {"user": 4, "title": "sks", "content": "sks", "hashtags": "[\"sks\"]", "publish_date": "2023-09-16T11:52:23.029Z", "available_date": "2023-09-15T09:20:00Z", "image": "images/timecapsules/sks_XEk83JL.png", "is_private": false}}, {"model": "zapapp.timecapsule", "pk": 47, "fields": {"user": 4, "title": "sks", "content": "sks", "hashtags": "[\"sks\"]", "publish_date": "2023-09-16T11:55:16.338Z", "available_date": "2023-09-16T14:58:00Z", "image": "images/timecapsules/89729858_lN2rlay.png", "is_private": false}}, {"model": "zapapp.timecapsule", "pk": 48, "fields": {"user": 1, "title": "anime", "content": "anime", "hashtags": "[\"anime\"]", "publish_date": "2023-09-17T16:16:15.398Z", "available_date": "2023-09-16T19:20:00Z", "image": "images/timecapsules/pngtree-anime-city-street-wallpapers-image_2891277.png", "is_private": false}}, {"model": "zapapp.timecapsule", "pk": 49, "fields": {"user": 20, "title": "i love mustang", "content": "mustang is going on", "hashtags": "[\"mustang\", \"love\"]", "publish_date": "2023-09-21T06:26:50.445Z", "available_date": "2023-09-20T06:26:00Z", "image": "images/timecapsules/2023-06-24.png", "is_private": false}}, {"model": "zapapp.timecapsule", "pk": 50, "fields": {"user": 20, "title": "i love my new home", "content": "new home", "hashtags": "[\"home\", \"new\"]", "publish_date": "2023-09-21T06:30:11.243Z", "available_date": "2023-09-22T06:30:00Z", "image": "images/timecapsules/Screenshot_8.png", "is_private": false}}, {"model": "zapapp.timecapsule", "pk": 51, "fields": {"user": 20, "title": "i love my new home", "content": "new home", "hashtags": "[\"home\", \"new\"]", "publish_date": "2023-09-21T06:30:11.451Z", "available_date": "2023-09-22T06:30:00Z", "image": "images/timecapsules/Screenshot_8_cKbw7wC.png", "is_private": false}}, {"model": "zapapp.timecapsule", "pk": 52, "fields": {"user": 1, "title": "hey how are you all", "content": "new profile", "hashtags": "[\"new\", \"rushil\", \"rusCEO\"]", "publish_date": "2023-09-21T08:30:04.893Z", "available_date": "2023-09-21T09:30:00Z", "image": "images/timecapsules/2023-05-22.png", "is_private": true}}, {"model": "zapapp.timecapsule", "pk": 53, "fields": {"user": 18, "title": "zoro", "content": "anime", "hashtags": "[\"anime\", \"onepiece\", \"anime\"]", "publish_date": "2023-09-27T15:25:17.344Z", "available_date": "2023-09-26T15:25:00Z", "image": "images/timecapsules/tinywow_8673985_24468649.png", "is_private": false}}, {"model": "zapapp.timecapsule", "pk": 54, "fields": {"user": 4, "title": "cats", "content": "cats", "hashtags": "[\"cats\"]", "publish_date": "2023-09-28T10:20:02.196Z", "available_date": "2023-09-30T10:19:00Z", "image": "images/timecapsules/_cat_as_a_five_dimen2-transformed.png", "is_private": false}}, {"model": "zapapp.timecapsule", "pk": 55, "fields": {"user": 4, "title": "cat2", "content": "cat2", "hashtags": "[\"ccattt\"]", "publish_date": "2023-09-28T10:57:04.407Z", "available_date": "2023-10-31T10:56:00Z", "image": "images/timecapsules/_cat_as_a_five_dimen2-transformed_2QdIZsO.png", "is_private": false}}, {"model": "zapapp.timecapsule", "pk": 56, "fields": {"user": 1, "title": "zapapp dp", "content": "zapapp dp", "hashtags": "[\"zapapp\", \"zaapmate\"]", "publish_date": "2023-09-28T17:19:23.092Z", "available_date": "2023-09-30T17:19:00Z", "image": "images/timecapsules/_5d203b9d-fbc6-4bb7-af0b-5d0cf9ee6a8e.jpg", "is_private": false}}, {"model": "zapapp.timecapsule", "pk": 57, "fields": {"user": 1, "title": "zapapp dp", "content": "zapapp dp", "hashtags": "[\"zapapp\", \"zaapmate\"]", "publish_date": "2023-09-28T17:19:44.221Z", "available_date": "2023-09-30T17:19:00Z", "image": "images/timecapsules/_5d203b9d-fbc6-4bb7-af0b-5d0cf9ee6a8e_R735BVJ.jpg", "is_private": false}}, {"model": "zapapp.timecapsule", "pk": 58, "fields": {"user": 1, "title": "zapapp dp", "content": "zapapp dp", "hashtags": "[\"zapapp\", \"zaapmate\"]", "publish_date": "2023-09-28T17:21:51.877Z", "available_date": "2023-09-30T17:19:00Z", "image": "images/timecapsules/_5d203b9d-fbc6-4bb7-af0b-5d0cf9ee6a8e_cf7qR1a.jpg", "is_private": false}}, {"model": "zapapp.comment", "pk": 2, "fields": {"user": 20, "timecapsule": 38, "comment": "dfgfgdfgdfgdfg", "publish_date": "2023-09-16T17:41:52.288Z"}}, {"model": "zapapp.comment", "pk": 3, "fields": {"user": 20, "timecapsule": 39, "comment": "dfgfgdfgdfgdfg", "publish_date": "2023-09-16T18:00:43.468Z"}}, {"model": "zapapp.comment", "pk": 4, "fields": {"user": 20, "timecapsule": 39, "comment": "rururururr", "publish_date": "2023-09-16T18:01:11.098Z"}}, {"model": "zapapp.comment", "pk": 5, "fields": {"user": 4, "timecapsule": 39, "comment": "39", "publish_date": "2023-09-16T18:19:23.215Z"}}, {"model": "zapapp.comment", "pk": 6, "fields": {"user": 20, "timecapsule": 39, "comment": "heloo how are", "publish_date": "3333-02-09T06:42:12Z"}}, {"model": "zapapp.comment", "pk": 8, "fields": {"user": 4, "timecapsule": 53, "comment": "zoro the king", "publish_date": "2023-09-28T09:20:30.528Z"}}, {"model": "zapapp.comment", "pk": 9, "fields": {"user": 4, "timecapsule": 53, "comment": "roronoa zoro", "publish_date": "2023-09-28T09:21:20.077Z"}}, {"model": "zapapp.comment", "pk": 10, "fields": {"user": 4, "timecapsule": 48, "comment": "anime is this fr", "publish_date": "2023-09-28T09:23:35.552Z"}}, {"model": "zapapp.comment", "pk": 11, "fields": {"user": 4, "timecapsule": 48, "comment": "new comment", "publish_date": "2023-09-28T09:25:43.193Z"}}, {"model": "zapapp.comment", "pk": 12, "fields": {"user": 1, "timecapsule": 47, "comment": "meow meow", "publish_date": "2023-09-28T09:29:23.392Z"}}, {"model": "zapapp.comment", "pk": 13, "fields": {"user": 1, "timecapsule": 46, "comment": "new comment", "publish_date": "2023-09-28T09:30:39.435Z"}}, {"model": "zapapp.comment", "pk": 14, "fields": {"user": 4, "timecapsule": 53, "comment": "zoro", "publish_date": "2023-09-28T17:26:32.263Z"}}, {"model": "zapapp.comment", "pk": 15, "fields": {"user": 4, "timecapsule": 48, "comment": "rusheeeeeeeeeeelllll!!!!!!!!!!", "publish_date": "2023-09-28T18:09:26.848Z"}}, {"model": "zapapp.like", "pk": 1, "fields": {"user": 1, "timecapsule": 48, "publish_date": "2023-11-11T05:41:11Z"}}, {"model": "zapapp.follows", "pk": 12, "fields": {"user": 20, "follows": 1, "follow_date": "2023-09-22T09:40:02.901Z"}}, {"model": "zapapp.follows", "pk": 15, "fields": {"user": 4, "follows": 19, "follow_date": "2023-09-22T14:36:14.428Z"}}, {"model": "zapapp.follows", "pk": 16, "fields": {"user": 4, "follows": 18, "follow_date": "2023-09-27T15:20:42.115Z"}}, {"model": "zapapp.follows", "pk": 22, "fields": {"user": 1, "follows": 4, "follow_date": "2023-09-28T09:50:37.591Z"}}, {"model": "zapapp.follows", "pk": 25, "fields": {"user": 1, "follows": 20, "follow_date": "2023-09-28T09:53:19.209Z"}}, {"model": "zapapp.follows", "pk": 30, "fields": {"user": 4, "follows": 1, "follow_date": "2023-09-28T18:28:59.703Z"}}, {"model": "zapapp.zaptriggers", "pk": 1, "fields": {"userby": 1, "userfor": 20, "message": "New time capsule created by CEO: zapapp dp", "trigger_date": "2023-09-28T17:21:53.552Z"}}, {"model": "zapapp.zaptriggers", "pk": 2, "fields": {"userby": 1, "userfor": 4, "message": "New time capsule created by CEO: zapapp dp", "trigger_date": "2023-09-28T17:21:54.271Z"}}, {"model": "zapapp.zaptriggers", "pk": 3, "fields": {"userby": 4, "userfor": 18, "message": "New comment posted on your time capsule by sahilkumarsingh: zoro", "trigger_date": "2023-09-28T17:26:34.914Z"}}, {"model": "zapapp.zaptriggers", "pk": 4, "fields": {"userby": 4, "userfor": 1, "message": "You have a new follower: sahilkumarsingh", "trigger_date": "2023-09-28T17:34:21.977Z"}}, {"model": "zapapp.zaptriggers", "pk": 5, "fields": {"userby": 4, "userfor": 1, "message": "You have a new follower: sahilkumarsingh", "trigger_date": "2023-09-28T17:37:02.550Z"}}, {"model": "zapapp.zaptriggers", "pk": 6, "fields": {"userby": 4, "userfor": 1, "message": "New comment posted on your time capsule by sahilkumarsingh: rusheeeeeeeeeeelllll!!!!!!!!!!", "trigger_date": "2023-09-28T18:09:27.928Z"}}, {"model": "zapapp.zaptriggers", "pk": 7, "fields": {"userby": 4, "userfor": 1, "message": "You have a new follower: sahilkumarsingh", "trigger_date": "2023-09-28T18:29:00.727Z"}}]
